Rank,Team,City,Founded,Home Stadium,Games,Wins,Losses,Ties,Win_Rate
1,LG 트윈스,서울,1990,잠실 야구장,144,86,56,2,0.606
2,kt wiz,수원,2013,수원 케이티 위즈 파크,144,79,62,3,0.560
3,SSG 랜더스,인천,2000,인천 SSG 랜더스필드,144,76,65,3,0.539
4,NC 다이노스,창원,2011,창원 NCS파크,144,75,67,2,0.528
5,두산 베어스,서울,1982,잠실 야구장,144,74,68,2,0.521
6,KIA 타이거즈,광주,1982,광주-기아 챔피언스 필드,144,73,69,2,0.514
7,롯데 자이언츠,부산,1982,사직 야구장,144,68,76,0,0.472
8,삼성 라이온즈,대구,1982,대구 삼성 라이온즈 파크,144,61,82,1,0.427
9,한화 이글스,대전,1985,대전 한화생명 이글스파크,144,58,80,6,0.420
10,키움 히어로즈,서울,2008,고척 스카이돔,144,58,83,3,0.411
